id;job_id;jhi_user;first_name;last_name;email;phone_number;hire_date;emergency_contact;emergency_phone;blode_type;allergies;birth_date;note
1;62962;payment back-end Account;Earl;Nader;Brando.Gerlach15@yahoo.com;Granite leading-edge;2023-04-14T20:11:32;California silver;Home;Wo;monitor Account Garden;2023-04-14T23:49:26;reinvent orchestrate
2;90426;connecting National;Adam;Conroy;Quinten.White@yahoo.com;infrastructures value-added;2023-04-15T06:42:44;specifically alarm;frictionless Accounts;De;Marketing ROI;2023-04-14T13:03:32;Designer Kiribati
3;96051;Plastic Sleek;Johann;Willms;Dejon3@yahoo.com;Uruguayo;2023-04-15T01:11:05;bluetooth;white;Fo;Secured;2023-04-15T10:36:54;Mandatory Alaska
4;59428;Unbranded;Eusebio;Ferry;Guido66@yahoo.com;Tuna;2023-04-14T23:04:40;upward-trending;Soft Steel Awesome;ar;communities redundant incentivize;2023-04-14T22:14:37;Dollar Baby
5;57275;Division;Sherman;Conroy;Shanelle_Pollich68@hotmail.com;customized;2023-04-15T11:00:03;National;invoice Philippine;Co;bypassing infomediaries implementation;2023-04-15T10:43:43;Legacy
6;71228;Administrator Sports Gorgeous;Ava;Hoppe;Ernesto26@yahoo.com;Agent;2023-04-14T12:06:03;back-end Global Toys;Computer approach Managed;Fa;JBOD invoice Hawaii;2023-04-15T11:06:21;value-added
7;16356;transmit;Winnifred;Hyatt;Alyson68@hotmail.com;open-source Object-based;2023-04-15T10:58:08;Frozen;deposit;Ge;Bedfordshire Program Loan;2023-04-14T23:14:11;copy Manat e-business
8;85701;Computer incentivize purple;Tess;Wilkinson;Faustino_Kling22@gmail.com;generate next Republic;2023-04-15T02:46:53;back-end;Steel;vi;Direct Montana fuchsia;2023-04-15T10:39:13;Architect
9;7046;Table;Dillan;Padberg;Genoveva_Wisozk5@gmail.com;Bolivia Loan;2023-04-14T19:24:51;Account Jewelery deposit;protocol Polynesia Chips;Ki;Summit user;2023-04-14T12:41:20;red hard payment
10;86726;streamline;Estrella;Wyman;Amalia_Dooley53@gmail.com;Loan;2023-04-15T04:56:28;New;Applications back-end Coordinator;sy;Product;2023-04-15T08:54:13;calculating JSON
