id;code;expiration_in_month;kind;description
1;Chair Legacy Cheese;90707;ONTHEJOB;green Market
2;withdrawal;81597;CERTIFICATE;deposit
3;Refined;38026;CERTIFICATE;New
4;online red;48191;COURSE;Fantastic Program
5;distributed Account ;20692;CERTIFICATE;transmitter neutral
6;Cotton Handcrafted;95107;CERTIFICATE;Enhanced USB
7;Architect interface;20794;COURSE;SMS compressing copy
8;Concrete;39368;CERTIFICATE;CSS Principal
9;Central;87123;CERTIFICATE;facilitate Face
10;SAS;25036;CERTIFICATE;Product Metal
